{
	"RepetitionTime": 2.47,
	"EchoTime": 0.037,
	"FlipAngle": 52,
	"SliceTiming": [0,0.4175,0.08499999999,0.5,0.1675,0.585,0.25,0.6675,0.335,0,0.4175,0.08499999999,0.5,0.1675,0.585,0.25,0.6675,0.335,0,0.4175,0.08499999999,0.5,0.1675,0.585,0.25,0.6675,0.335,0,0.4175,0.08499999999,0.5,0.1675,0.585,0.25,0.6675,0.335,0,0.4175,0.08499999999,0.5,0.1675,0.585,0.25,0.6675,0.335,0,0.4175,0.08499999999,0.5,0.1675,0.585,0.25,0.6675,0.335,0,0.4175,0.08499999999,0.5,0.1675,0.585,0.25,0.6675,0.335,0,0.4175,0.08499999999,0.5,0.1675,0.585,0.25,0.6675,0.335],
	"EffectiveEchoSpacing": 0.0005800087233,
	"PhaseEncodingDirection": "j-",
	"TaskName": "SESS06"
}
