{
	"RepetitionTime": 2.47,
	"EchoTime": 0.037,
	"FlipAngle": 52,
	"SliceTiming": [0,0.415,0.08250000002,0.5,0.165,0.5825,0.25,0.665,0.3325,0,0.415,0.08250000002,0.5,0.165,0.5825,0.25,0.665,0.3325,0,0.415,0.08250000002,0.5,0.165,0.5825,0.25,0.665,0.3325,0,0.415,0.08250000002,0.5,0.165,0.5825,0.25,0.665,0.3325,0,0.415,0.08250000002,0.5,0.165,0.5825,0.25,0.665,0.3325,0,0.415,0.08250000002,0.5,0.165,0.5825,0.25,0.665,0.3325,0,0.415,0.08250000002,0.5,0.165,0.5825,0.25,0.665,0.3325,0,0.415,0.08250000002,0.5,0.165,0.5825,0.25,0.665,0.3325],
	"EffectiveEchoSpacing": 0.0005800087233,
	"PhaseEncodingDirection": "j-",
	"TaskName": "SESS03"
}
