{
	"RepetitionTime": 2.47,
	"EchoTime": 0.037,
	"FlipAngle": 52,
	"SliceTiming": [0,0.415,0.08249999999,0.4975,0.165,0.5825,0.2475,0.665,0.3325,0,0.415,0.08249999999,0.4975,0.165,0.5825,0.2475,0.665,0.3325,0,0.415,0.08249999999,0.4975,0.165,0.5825,0.2475,0.665,0.3325,0,0.415,0.08249999999,0.4975,0.165,0.5825,0.2475,0.665,0.3325,0,0.415,0.08249999999,0.4975,0.165,0.5825,0.2475,0.665,0.3325,0,0.415,0.08249999999,0.4975,0.165,0.5825,0.2475,0.665,0.3325,0,0.415,0.08249999999,0.4975,0.165,0.5825,0.2475,0.665,0.3325,0,0.415,0.08249999999,0.4975,0.165,0.5825,0.2475,0.665,0.3325],
	"EffectiveEchoSpacing": 0.0005800087233,
	"PhaseEncodingDirection": "j-",
	"TaskName": "SESS02"
}
